Botnhamn,Senja
Brekkom,Ringebu
Brunlanes,Larvik
Dalsbygda,Os
Darbu,Øvre Eiker
Drevsjø,Engerdal
Evje,Evje og Hornnes
Gauldal,Melhus
Herøy MR,Ulstein
Herøy N,Dønna
Kalvåg,Bremanger
Kirkenes,Sør-Varanger
Kirkenær,Grue
Kirkesdalen,Målselv
Kjøllefjord,Lebesby
Lakselv,Porsanger
Landvik,Grimstad
Langesund,Bamble
Lommedalen,Bærum
Medby,Senja
Mefjordvær,Senja
Myre,Øksnes
Namdalen,Namsos
Rena,Åmot
Skaugdalen,Indre Fosen
Skreia,Østre Toten
Stamsund,Vestvågøy
Stokkøya,Åfjord
Stonglandseidet,Senja
Sylling,Lier
Todalen,Aure